{
  "project_info": {
    "project_number": "416993620490",
    "project_id": "pm-sdn-uks-01-project",
    "storage_bucket": "pm-sdn-uks-01-project.appspot.com"
  },
  "client": [
    {
      "client_info": {
        "mobilesdk_app_id": "1:416993620490:android:d66d274d06ad021c4da5f3",
        "android_client_info": {
          "package_name": "com.skripsi.pmsdnuks01"
        }
      },
      "oauth_client": [
        {
          "client_id": "416993620490-cpsmomo9duopgdf353bbp6tqt0skmtn8.apps.googleusercontent.com",
          "client_type": 3
        }
      ],
      "api_key": [
        {
          "current_key": "AIzaSyBJH2S23XtycOFQwruaQHkEbqcYPO1OIiI"
        }
      ],
      "services": {
        "appinvite_service": {
          "other_platform_oauth_client": [
            {
              "client_id": "416993620490-cpsmomo9duopgdf353bbp6tqt0skmtn8.apps.googleusercontent.com",
              "client_type": 3
            }
          ]
        }
      }
    }
  ],
  "configuration_version": "1"
}